series_id        ,area_code,item_code,begin_year,begin_period,end_year,end_period
APU0000701111    ,0000,701111,1980,M01,2025,M02
APU0000701311    ,0000,701311,1980,M01,1981,M12
APU0000701312    ,0000,701312,1980,M01,2025,M02
APU0000701321    ,0000,701321,1980,M01,1981,M03
APU0000701322    ,0000,701322,1984,M01,2025,M02
APU0000702111    ,0000,702111,1980,M01,2025,M02
APU0000702112    ,0000,702112,1980,M01,2016,M09
APU0000702211    ,0000,702211,1980,M01,1981,M12
APU0000702212    ,0000,702212,1980,M01,2025,M02
APU0000702213    ,0000,702213,1980,M01,1981,M12
APU0000702221    ,0000,702221,1980,M01,1984,M09
APU0000702411    ,0000,702411,1980,M01,1986,M12
APU0000702421    ,0000,702421,1980,M01,2025,M02
APU0000702611    ,0000,702611,1980,M01,2000,M10
APU0000703111    ,0000,703111,1980,M01,2025,M02
APU0000703112    ,0000,703112,1984,M01,2025,M02
APU0000703113    ,0000,703113,1991,M01,2025,M02
APU0000703211    ,0000,703211,1980,M01,1996,M08
APU0000703212    ,0000,703212,1991,M01,2017,M12
APU0000703213    ,0000,703213,1989,M01,2025,M02
APU0000703311    ,0000,703311,1980,M01,2025,M02
APU0000703312    ,0000,703312,1991,M01,2014,M07
APU0000703411    ,0000,703411,1980,M01,1997,M12
APU0000703421    ,0000,703421,1980,M01,1987,M05
APU0000703422    ,0000,703422,1980,M01,2002,M04
APU0000703423    ,0000,703423,1980,M01,1986,M12
APU0000703425    ,0000,703425,1991,M01,2001,M10
APU0000703431    ,0000,703431,1991,M01,2011,M05
APU0000703432    ,0000,703432,1991,M01,2025,M02
APU0000703511    ,0000,703511,1980,M01,2025,M02
APU0000703512    ,0000,703512,1991,M01,2025,M02
APU0000703611    ,0000,703611,1980,M01,1994,M04
APU0000703612    ,0000,703612,1991,M01,2018,M03
APU0000703613    ,0000,703613,1989,M01,2025,M02
APU0000704111    ,0000,704111,1980,M01,2025,M02
APU0000704211    ,0000,704211,1980,M01,2025,M02
APU0000704212    ,0000,704212,1995,M07,2025,M02
APU0000704311    ,0000,704311,1980,M01,2016,M06
APU0000704312    ,0000,704312,1991,M01,2025,M02
APU0000704313    ,0000,704313,1980,M01,1983,M03
APU0000704314    ,0000,704314,1980,M01,1982,M07
APU0000704321    ,0000,704321,1980,M01,1992,M11
APU0000704411    ,0000,704411,1980,M01,1981,M12
APU0000704412    ,0000,704412,1980,M01,1987,M07
APU0000704413    ,0000,704413,1980,M01,1997,M12
APU0000704421    ,0000,704421,1980,M01,2002,M09
APU0000705111    ,0000,705111,1980,M01,2022,M04
APU0000705121    ,0000,705121,1980,M01,2019,M09
APU0000705141    ,0000,705141,1980,M01,1988,M10
APU0000705142    ,0000,705142,1991,M01,1994,M01
APU0000706111    ,0000,706111,1980,M01,2025,M02
APU0000706211    ,0000,706211,1980,M01,2011,M10
APU0000706212    ,0000,706212,1980,M01,2025,M02
APU0000706311    ,0000,706311,1980,M01,2020,M02
APU0000707111    ,0000,707111,1980,M01,2017,M09
APU0000708111    ,0000,708111,1980,M01,2025,M02
APU0000708112    ,0000,708112,1980,M01,1997,M12
APU0000709111    ,0000,709111,1980,M01,1997,M12
APU0000709112    ,0000,709112,1995,M07,2025,M02
APU0000709211    ,0000,709211,1980,M01,1986,M05
APU0000709212    ,0000,709212,1980,M01,1992,M09
APU0000709213    ,0000,709213,1995,M07,2002,M10
APU0000710111    ,0000,710111,1980,M01,2012,M04
APU0000710122    ,0000,710122,1980,M01,2003,M03
APU0000710211    ,0000,710211,1984,M01,2025,M02
APU0000710212    ,0000,710212,1984,M01,2025,M02
APU0000710411    ,0000,710411,1980,M01,2025,M02
APU0000711111    ,0000,711111,1980,M01,2017,M10
APU0000711211    ,0000,711211,1980,M01,2025,M02
APU0000711311    ,0000,711311,1980,M01,2025,M02
APU0000711312    ,0000,711312,1980,M06,2013,M08
APU0000711411    ,0000,711411,1980,M01,2025,M02
APU0000711412    ,0000,711412,1980,M01,2025,M02
APU0000711413    ,0000,711413,1980,M01,2019,M07
APU0000711414    ,0000,711414,1980,M06,2020,M08
APU0000711415    ,0000,711415,1980,M04,2025,M02
APU0000711416    ,0000,711416,1980,M01,1987,M12
APU0000711417    ,0000,711417,1980,M07,2021,M09
APU0000711418    ,0000,711418,1980,M06,2019,M07
APU0000712111    ,0000,712111,1980,M01,1986,M02
APU0000712112    ,0000,712112,1986,M03,2025,M02
APU0000712211    ,0000,712211,1980,M01,2025,M02
APU0000712311    ,0000,712311,1980,M01,2025,M02
APU0000712401    ,0000,712401,1980,M01,2012,M10
APU0000712402    ,0000,712402,1980,M01,2012,M10
APU0000712403    ,0000,712403,1980,M01,2014,M03
APU0000712404    ,0000,712404,1980,M01,1997,M12
APU0000712405    ,0000,712405,1980,M01,1987,M07
APU0000712406    ,0000,712406,1980,M01,2020,M03
APU0000712407    ,0000,712407,1980,M04,1988,M06
APU0000712408    ,0000,712408,1980,M01,1989,M02
APU0000712409    ,0000,712409,1980,M01,2000,M04
APU0000712410    ,0000,712410,1980,M01,1989,M02
APU0000712411    ,0000,712411,1980,M01,1986,M01
APU0000712412    ,0000,712412,1995,M07,2020,M03
APU0000713111    ,0000,713111,1980,M01,2025,M02
APU0000713311    ,0000,713311,1995,M07,1997,M12
APU0000713312    ,0000,713312,1995,M07,1997,M12
APU0000714111    ,0000,714111,1980,M01,2005,M02
APU0000714221    ,0000,714221,1995,M07,2025,M02
APU0000714231    ,0000,714231,1980,M01,1988,M02
APU0000714232    ,0000,714232,1995,M07,1997,M12
APU0000714233    ,0000,714233,1995,M07,2025,M02
APU0000715111    ,0000,715111,1980,M01,1986,M11
APU0000715211    ,0000,715211,1980,M01,2025,M02
APU0000715212    ,0000,715212,1980,M01,2022,M10
APU0000715311    ,0000,715311,1980,M01,1981,M12
APU0000716111    ,0000,716111,1980,M01,1981,M12
APU0000716113    ,0000,716113,1980,M01,1980,M12
APU0000716114    ,0000,716114,1984,M01,2014,M05
APU0000716116    ,0000,716116,1984,M01,2019,M10
APU0000716121    ,0000,716121,1980,M01,2005,M04
APU0000716141    ,0000,716141,1984,M01,2017,M12
APU0000717111    ,0000,717111,1980,M01,1986,M07
APU0000717112    ,0000,717112,1980,M01,1981,M12
APU0000717113    ,0000,717113,1980,M01,1992,M02
APU0000717114    ,0000,717114,1995,M07,2009,M05
APU0000717311    ,0000,717311,1980,M01,2025,M02
APU0000717312    ,0000,717312,1980,M01,1988,M08
APU0000717324    ,0000,717324,1984,M01,1987,M11
APU0000717325    ,0000,717325,1984,M01,1984,M09
APU0000717326    ,0000,717326,1984,M01,1985,M11
APU0000717327    ,0000,717327,1995,M07,2003,M09
APU0000717411    ,0000,717411,1980,M01,1982,M12
APU0000717412    ,0000,717412,1980,M01,1981,M08
APU0000717413    ,0000,717413,1980,M01,1983,M10
APU0000718311    ,0000,718311,1980,M01,2025,M02
APU0000718631    ,0000,718631,1980,M01,1986,M01
APU0000720111    ,0000,720111,1995,M07,2025,M02
APU0000720211    ,0000,720211,1985,M12,1986,M12
APU0000720221    ,0000,720221,1985,M12,1986,M12
APU0000720222    ,0000,720222,1995,M07,2024,M04
APU0000720311    ,0000,720311,1995,M07,2025,M02
APU000072511     ,0000,72511,1978,M11,2025,M02
APU000072601     ,0000,72601,1978,M11,2013,M06
APU000072610     ,0000,72610,1978,M11,2025,M02
APU000072611     ,0000,72611,1978,M11,2013,M06
APU000072620     ,0000,72620,1978,M11,2025,M02
APU000072621     ,0000,72621,1978,M11,2013,M06
APU000074712     ,0000,74712,1973,M10,1991,M04
APU000074713     ,0000,74713,1973,M10,1983,M12
APU000074714     ,0000,74714,1976,M01,2025,M02
APU000074715     ,0000,74715,1993,M12,2025,M02
APU000074716     ,0000,74716,1981,M09,2025,M02
APU000074717     ,0000,74717,1998,M01,2025,M02
APU00007471A     ,0000,7471A,1978,M01,2025,M02
APU0000FC1101    ,0000,FC1101,1998,M01,2025,M02
APU0000FC2101    ,0000,FC2101,1998,M01,2025,M02
APU0000FC3101    ,0000,FC3101,1998,M01,2025,M02
APU0000FC4101    ,0000,FC4101,1998,M01,2025,M02
APU0000FD2101    ,0000,FD2101,1998,M01,2025,M02
APU0000FD3101    ,0000,FD3101,1998,M01,2025,M02
APU0000FD4101    ,0000,FD4101,1998,M01,2025,M02
APU0000FF1101    ,0000,FF1101,2006,M01,2025,M02
APU0000FJ1101    ,0000,FJ1101,2018,M04,2025,M02
APU0000FJ4101    ,0000,FJ4101,2018,M04,2025,M02
APU0000FL2101    ,0000,FL2101,2006,M01,2025,M02
APU0000FN1101    ,0000,FN1101,2018,M04,2025,M02
APU0000FN1102    ,0000,FN1102,2018,M04,2025,M02
APU0000FS1101    ,0000,FS1101,2018,M04,2025,M02
APU0100701111    ,0100,701111,1980,M01,2016,M10
APU0100701311    ,0100,701311,1980,M01,1985,M11
APU0100701312    ,0100,701312,1980,M01,1997,M09
APU0100701321    ,0100,701321,1980,M01,1980,M10
APU0100701322    ,0100,701322,1984,M01,2024,M04
APU0100702111    ,0100,702111,1980,M01,2025,M02
APU0100702212    ,0100,702212,1980,M12,2016,M10
APU0100702221    ,0100,702221,1980,M01,1981,M12
APU0100702411    ,0100,702411,1980,M01,1985,M05
APU0100702421    ,0100,702421,1980,M01,1987,M03
APU0100702611    ,0100,702611,1980,M01,1981,M12
APU0100703111    ,0100,703111,1980,M01,2016,M10
APU0100703112    ,0100,703112,1984,M03,2025,M02
APU0100703113    ,0100,703113,1991,M01,2015,M12
APU0100703211    ,0100,703211,1980,M01,1989,M02
APU0100703213    ,0100,703213,1989,M01,2024,M04
APU0100703311    ,0100,703311,1980,M01,2025,M02
APU0100703411    ,0100,703411,1980,M01,1995,M11
APU0100703421    ,0100,703421,1980,M01,1986,M12
APU0100703422    ,0100,703422,1980,M01,1985,M10
APU0100703423    ,0100,703423,1980,M01,1987,M07
APU0100703425    ,0100,703425,1991,M01,1992,M01
APU0100703431    ,0100,703431,1991,M11,1991,M11
APU0100703432    ,0100,703432,2012,M11,2013,M07
APU0100703511    ,0100,703511,1980,M01,2024,M05
APU0100703512    ,0100,703512,1994,M02,1994,M07
APU0100703611    ,0100,703611,1980,M01,1997,M09
APU0100703612    ,0100,703612,1994,M11,1995,M11
APU0100703613    ,0100,703613,1989,M01,2023,M06
APU0100704111    ,0100,704111,1980,M01,2025,M02
APU0100704211    ,0100,704211,1980,M01,2016,M09
APU0100704212    ,0100,704212,1995,M07,2025,M02
APU0100704311    ,0100,704311,1980,M01,1986,M12
APU0100704312    ,0100,704312,2002,M10,2025,M02
APU0100704314    ,0100,704314,1980,M05,1981,M12
APU0100704321    ,0100,704321,1980,M01,1993,M01
APU0100704413    ,0100,704413,1980,M01,1988,M02
APU0100705111    ,0100,705111,1980,M01,1991,M02
APU0100705121    ,0100,705121,1980,M01,1992,M08
APU0100705141    ,0100,705141,1980,M01,1986,M12
APU0100706111    ,0100,706111,1980,M01,2025,M02
APU0100706211    ,0100,706211,1980,M01,1999,M03
APU0100706212    ,0100,706212,1980,M01,2020,M08
APU0100706311    ,0100,706311,1980,M01,1997,M06
APU0100707111    ,0100,707111,1980,M01,1997,M12
APU0100708111    ,0100,708111,1980,M01,2024,M10
APU0100709111    ,0100,709111,1980,M01,1997,M12
APU0100709112    ,0100,709112,1995,M07,2024,M10
APU0100709211    ,0100,709211,1980,M01,1984,M09
APU0100709212    ,0100,709212,1980,M01,1990,M11
APU0100710111    ,0100,710111,1980,M01,2004,M04
APU0100710122    ,0100,710122,1980,M01,2000,M08
APU0100710211    ,0100,710211,1984,M01,2024,M10
APU0100710212    ,0100,710212,1984,M01,2024,M10
APU0100710411    ,0100,710411,1980,M01,2024,M04
APU0100711111    ,0100,711111,1980,M01,2009,M10
APU0100711211    ,0100,711211,1980,M01,2025,M02
APU0100711311    ,0100,711311,1980,M01,2025,M02
APU0100711312    ,0100,711312,1980,M06,2006,M09
APU0100711411    ,0100,711411,1980,M01,2020,M02
APU0100711412    ,0100,711412,1980,M01,2020,M02
APU0100711413    ,0100,711413,1980,M01,2000,M04
APU0100711414    ,0100,711414,1980,M06,2019,M09
APU0100711415    ,0100,711415,1980,M04,2020,M03
APU0100711416    ,0100,711416,1980,M01,1986,M12
APU0100711417    ,0100,711417,1980,M07,2017,M12
APU0100711418    ,0100,711418,1980,M06,1987,M07
APU0100712111    ,0100,712111,1980,M01,1986,M02
APU0100712112    ,0100,712112,1986,M03,2025,M02
APU0100712211    ,0100,712211,1980,M01,2010,M02
APU0100712311    ,0100,712311,1980,M01,2025,M02
APU0100712401    ,0100,712401,1980,M01,1997,M09
APU0100712402    ,0100,712402,1980,M01,1991,M10
APU0100712403    ,0100,712403,1980,M01,1996,M10
APU0100712404    ,0100,712404,1980,M01,1996,M02
APU0100712405    ,0100,712405,1981,M07,1981,M07
APU0100712406    ,0100,712406,1980,M01,1990,M02
APU0100712407    ,0100,712407,1980,M05,1987,M09
APU0100712408    ,0100,712408,1980,M01,1987,M07
APU0100712409    ,0100,712409,1980,M01,1993,M07
APU0100712410    ,0100,712410,1980,M01,1989,M01
APU0100712412    ,0100,712412,1995,M07,1997,M12
APU0100713111    ,0100,713111,1980,M01,2012,M09
APU0100714111    ,0100,714111,1984,M08,1999,M12
APU0100714221    ,0100,714221,1996,M06,1997,M12
APU0100714231    ,0100,714231,1980,M01,1987,M11
APU0100714232    ,0100,714232,1995,M12,1997,M09
APU0100714233    ,0100,714233,1998,M01,2012,M05
APU0100715111    ,0100,715111,1980,M01,1985,M04
APU0100715211    ,0100,715211,1980,M01,2013,M10
APU0100715212    ,0100,715212,1980,M01,2001,M10
APU0100715311    ,0100,715311,1980,M01,1981,M11
APU0100716114    ,0100,716114,1984,M01,1994,M10
APU0100716116    ,0100,716116,1984,M01,1989,M02
APU0100716121    ,0100,716121,1980,M01,1997,M12
APU0100716141    ,0100,716141,1984,M01,2003,M04
APU0100717111    ,0100,717111,1980,M01,1986,M07
APU0100717113    ,0100,717113,1980,M01,1986,M07
APU0100717114    ,0100,717114,2004,M05,2004,M09
APU0100717311    ,0100,717311,1980,M01,2006,M05
APU0100717312    ,0100,717312,1980,M01,1988,M10
APU0100717411    ,0100,717411,1980,M10,1981,M12
APU0100717412    ,0100,717412,1980,M01,1980,M08
APU0100717413    ,0100,717413,1980,M01,1981,M12
APU0100718311    ,0100,718311,1980,M01,2025,M02
APU0100718631    ,0100,718631,1980,M01,1982,M09
APU0100720111    ,0100,720111,1995,M07,2025,M02
APU0100720221    ,0100,720221,1985,M12,1986,M12
APU0100720222    ,0100,720222,1995,M07,1997,M11
APU0100720311    ,0100,720311,1995,M07,2025,M02
APU010072511     ,0100,72511,1978,M11,2025,M02
APU010072601     ,0100,72601,1978,M11,2013,M06
APU010072610     ,0100,72610,1978,M11,2025,M02
APU010072611     ,0100,72611,1978,M11,2013,M06
APU010072620     ,0100,72620,1978,M11,2025,M02
APU010072621     ,0100,72621,1978,M11,2013,M06
APU010074712     ,0100,74712,1978,M01,1991,M04
APU010074713     ,0100,74713,1978,M01,1981,M11
APU010074714     ,0100,74714,1978,M01,2025,M02
APU010074715     ,0100,74715,1993,M12,2025,M02
APU010074716     ,0100,74716,1981,M09,2025,M02
APU010074717     ,0100,74717,1998,M01,2025,M02
APU01007471A     ,0100,7471A,1978,M01,2025,M02
APU0100FC1101    ,0100,FC1101,1998,M01,2025,M02
APU0100FC2101    ,0100,FC2101,1998,M01,2025,M02
APU0100FC3101    ,0100,FC3101,1998,M01,2025,M02
APU0100FC4101    ,0100,FC4101,1998,M01,2025,M02
APU0100FD2101    ,0100,FD2101,1998,M01,2025,M02
APU0100FD3101    ,0100,FD3101,1998,M01,2025,M02
APU0100FD4101    ,0100,FD4101,1998,M01,2025,M02
APU0100FF1101    ,0100,FF1101,2006,M05,2025,M02
APU0100FJ1101    ,0100,FJ1101,2018,M04,2024,M09
APU0100FJ4101    ,0100,FJ4101,2018,M04,2025,M02
APU0100FN1101    ,0100,FN1101,2018,M04,2025,M02
APU0100FN1102    ,0100,FN1102,2018,M04,2024,M10
APU011072511     ,0110,72511,2018,M01,2025,M02
APU011072610     ,0110,72610,2018,M01,2024,M12
APU011072620     ,0110,72620,2018,M01,2024,M12
APU011074714     ,0110,74714,2018,M01,2025,M02
APU011074715     ,0110,74715,2018,M01,2025,M02
APU011074716     ,0110,74716,2018,M01,2025,M02
APU011074717     ,0110,74717,2018,M01,2025,M02
APU01107471A     ,0110,7471A,2018,M01,2025,M02
APU012072511     ,0120,72511,2018,M01,2025,M02
APU012072610     ,0120,72610,2018,M01,2024,M12
APU012072620     ,0120,72620,2018,M01,2024,M12
APU012074714     ,0120,74714,2018,M01,2025,M02
APU012074715     ,0120,74715,2018,M01,2025,M02
APU012074716     ,0120,74716,2018,M01,2025,M02
APU012074717     ,0120,74717,2018,M01,2025,M02
APU01207471A     ,0120,7471A,2018,M01,2025,M02
APU0200701111    ,0200,701111,1980,M01,2019,M10
APU0200701311    ,0200,701311,1980,M01,1984,M01
APU0200701312    ,0200,701312,2021,M11,2024,M10
APU0200701321    ,0200,701321,1980,M01,1981,M12
APU0200701322    ,0200,701322,1984,M01,2022,M09
APU0200702111    ,0200,702111,1980,M01,2025,M02
APU0200702112    ,0200,702112,1980,M09,1986,M05
APU0200702211    ,0200,702211,1980,M01,1983,M06
APU0200702212    ,0200,702212,1980,M01,2020,M10
APU0200702221    ,0200,702221,1980,M01,1985,M09
APU0200702411    ,0200,702411,1980,M01,1987,M07
APU0200702421    ,0200,702421,1980,M01,2021,M06
APU0200702611    ,0200,702611,1980,M01,1989,M07
APU0200703111    ,0200,703111,1980,M01,2021,M09
APU0200703112    ,0200,703112,1984,M01,2025,M02
APU0200703113    ,0200,703113,1991,M01,2012,M12
APU0200703211    ,0200,703211,1980,M01,1995,M01
APU0200703212    ,0200,703212,1991,M12,2012,M10
APU0200703213    ,0200,703213,1989,M01,2025,M02
APU0200703311    ,0200,703311,1980,M01,2025,M02
APU0200703312    ,0200,703312,1992,M02,1999,M05
APU0200703411    ,0200,703411,1980,M01,1993,M02
APU0200703421    ,0200,703421,1980,M01,1986,M12
APU0200703422    ,0200,703422,1980,M01,2000,M09
APU0200703423    ,0200,703423,1980,M01,1987,M10
APU0200703425    ,0200,703425,1991,M01,1997,M12
APU0200703431    ,0200,703431,1991,M01,1991,M04
APU0200703432    ,0200,703432,1991,M01,2024,M04
APU0200703511    ,0200,703511,1980,M01,2022,M05
APU0200703512    ,0200,703512,1992,M03,2008,M10
APU0200703611    ,0200,703611,1980,M01,1993,M04
APU0200703612    ,0200,703612,1992,M03,1999,M03
APU0200703613    ,0200,703613,1989,M01,2025,M02
APU0200704111    ,0200,704111,1980,M01,2025,M02
APU0200704211    ,0200,704211,1980,M01,2015,M04
APU0200704212    ,0200,704212,1995,M07,2025,M02
APU0200704311    ,0200,704311,1980,M01,1986,M06
APU0200704312    ,0200,704312,1991,M01,2025,M02
APU0200704321    ,0200,704321,1980,M01,1991,M08
APU0200704411    ,0200,704411,1980,M01,1981,M12
APU0200704412    ,0200,704412,1980,M01,1987,M12
APU0200704413    ,0200,704413,1980,M04,1985,M01
APU0200704421    ,0200,704421,1980,M01,1991,M07
APU0200705111    ,0200,705111,1980,M01,1991,M08
APU0200705121    ,0200,705121,1980,M01,2017,M04
APU0200705141    ,0200,705141,1980,M01,1990,M07
APU0200706111    ,0200,706111,1980,M01,2025,M02
APU0200706211    ,0200,706211,1980,M01,1997,M12
APU0200706212    ,0200,706212,1980,M11,2022,M05
APU0200706311    ,0200,706311,1980,M01,2017,M12
APU0200707111    ,0200,707111,1980,M01,2001,M10
APU0200708111    ,0200,708111,1980,M01,2025,M02
APU0200709111    ,0200,709111,1980,M01,1992,M02
APU0200709112    ,0200,709112,1995,M07,2020,M04
APU0200709211    ,0200,709211,1980,M01,1986,M12
APU0200709212    ,0200,709212,1980,M01,1985,M07
APU0200709213    ,0200,709213,1995,M07,2003,M03
APU0200710111    ,0200,710111,1980,M01,2012,M04
APU0200710122    ,0200,710122,1981,M02,1995,M04
APU0200710211    ,0200,710211,1984,M01,2022,M09
APU0200710212    ,0200,710212,1984,M01,2025,M02
APU0200710411    ,0200,710411,1980,M01,2022,M09
APU0200711111    ,0200,711111,1980,M01,2013,M05
APU0200711211    ,0200,711211,1980,M01,2025,M02
APU0200711311    ,0200,711311,1980,M01,2025,M02
APU0200711312    ,0200,711312,1980,M06,2012,M09
APU0200711411    ,0200,711411,1980,M01,2020,M03
APU0200711412    ,0200,711412,1980,M01,2025,M01
APU0200711413    ,0200,711413,1980,M01,2009,M06
APU0200711414    ,0200,711414,1980,M06,2019,M09
APU0200711415    ,0200,711415,1980,M04,2019,M10
APU0200711416    ,0200,711416,1980,M01,1986,M12
APU0200711417    ,0200,711417,1980,M07,2019,M10
APU0200711418    ,0200,711418,1980,M06,2019,M07
APU0200712111    ,0200,712111,1980,M01,1986,M02
APU0200712112    ,0200,712112,1986,M03,2025,M02
APU0200712211    ,0200,712211,1980,M01,2024,M05
APU0200712311    ,0200,712311,1980,M01,2025,M02
APU0200712401    ,0200,712401,1980,M01,1997,M12
APU0200712402    ,0200,712402,1980,M01,1992,M07
APU0200712403    ,0200,712403,1980,M01,2014,M05
APU0200712404    ,0200,712404,1980,M01,1990,M09
APU0200712405    ,0200,712405,1980,M01,1990,M09
APU0200712406    ,0200,712406,1980,M01,2013,M05
APU0200712407    ,0200,712407,1980,M04,1990,M09
APU0200712408    ,0200,712408,1980,M01,1989,M07
APU0200712409    ,0200,712409,1980,M01,1992,M02
APU0200712412    ,0200,712412,1995,M07,2017,M12
APU0200713111    ,0200,713111,1980,M01,2015,M04
APU0200713311    ,0200,713311,1995,M07,1996,M01
APU0200713312    ,0200,713312,1995,M07,1997,M12
APU0200714111    ,0200,714111,1980,M01,2002,M05
APU0200714231    ,0200,714231,1980,M01,1988,M01
APU0200714233    ,0200,714233,1995,M11,2017,M09
APU0200715111    ,0200,715111,1980,M01,1986,M12
APU0200715211    ,0200,715211,1980,M01,2017,M10
APU0200715212    ,0200,715212,1980,M01,2014,M10
APU0200715311    ,0200,715311,1980,M01,1981,M12
APU0200716111    ,0200,716111,1980,M02,1981,M12
APU0200716113    ,0200,716113,1980,M01,1980,M07
APU0200716114    ,0200,716114,1984,M01,2007,M10
APU0200716116    ,0200,716116,1984,M01,2013,M09
APU0200716121    ,0200,716121,1980,M01,2003,M10
APU0200716141    ,0200,716141,1984,M01,2017,M12
APU0200717111    ,0200,717111,1980,M01,1986,M08
APU0200717113    ,0200,717113,1980,M01,1988,M02
APU0200717114    ,0200,717114,2004,M11,2005,M04
APU0200717311    ,0200,717311,1980,M01,2024,M10
APU0200717312    ,0200,717312,1980,M01,1985,M01
APU0200717324    ,0200,717324,1984,M01,1987,M08
APU0200717325    ,0200,717325,1984,M01,1986,M12
APU0200717326    ,0200,717326,1984,M01,1984,M09
APU0200717327    ,0200,717327,1995,M07,1997,M12
APU0200717411    ,0200,717411,1980,M01,1983,M10
APU0200717413    ,0200,717413,1980,M01,1983,M12
APU0200718311    ,0200,718311,1980,M01,2025,M02
APU0200718631    ,0200,718631,1980,M01,1986,M01
APU0200720111    ,0200,720111,1995,M07,2025,M02
APU0200720221    ,0200,720221,1985,M12,1986,M03
APU0200720222    ,0200,720222,1995,M07,1997,M11
APU0200720311    ,0200,720311,1995,M07,2025,M02
APU020072511     ,0200,72511,1978,M11,2024,M07
APU020072601     ,0200,72601,1978,M11,2013,M06
APU020072610     ,0200,72610,1978,M11,2025,M02
APU020072611     ,0200,72611,1978,M11,2013,M06
APU020072620     ,0200,72620,1978,M11,2025,M02
APU020072621     ,0200,72621,1978,M11,2013,M06
APU020074712     ,0200,74712,1978,M01,1991,M04
APU020074713     ,0200,74713,1978,M01,1982,M08
APU020074714     ,0200,74714,1978,M01,2025,M02
APU020074715     ,0200,74715,1993,M12,2025,M02
APU020074716     ,0200,74716,1981,M09,2025,M02
APU020074717     ,0200,74717,1998,M01,2025,M02
APU02007471A     ,0200,7471A,1978,M01,2025,M02
APU0200FC1101    ,0200,FC1101,1998,M01,2025,M02
APU0200FC2101    ,0200,FC2101,1998,M01,2025,M02
APU0200FC3101    ,0200,FC3101,1998,M01,2025,M02
APU0200FC4101    ,0200,FC4101,1998,M01,2025,M02
APU0200FD2101    ,0200,FD2101,1998,M01,2025,M02
APU0200FD3101    ,0200,FD3101,1998,M01,2025,M02
APU0200FD4101    ,0200,FD4101,1998,M01,2025,M02
APU0200FF1101    ,0200,FF1101,2006,M01,2025,M02
APU0200FJ1101    ,0200,FJ1101,2018,M04,2024,M10
APU0200FJ4101    ,0200,FJ4101,2018,M04,2024,M05
APU0200FL2101    ,0200,FL2101,2006,M06,2024,M09
APU0200FN1101    ,0200,FN1101,2018,M04,2023,M10
APU0200FN1102    ,0200,FN1102,2018,M04,2025,M02
APU0200FS1101    ,0200,FS1101,2018,M04,2018,M09
APU023072511     ,0230,72511,2018,M01,2024,M05
APU023072610     ,0230,72610,2018,M01,2024,M12
APU023072620     ,0230,72620,2018,M01,2024,M12
APU023074714     ,0230,74714,2018,M01,2025,M02
APU023074715     ,0230,74715,2018,M01,2025,M02
APU023074716     ,0230,74716,2018,M01,2025,M02
APU023074717     ,0230,74717,2018,M01,2025,M02
APU02307471A     ,0230,7471A,2018,M01,2025,M02
APU024072511     ,0240,72511,2018,M01,2025,M02
APU024072610     ,0240,72610,2018,M01,2024,M12
APU024072620     ,0240,72620,2018,M01,2024,M12
APU024074714     ,0240,74714,2018,M01,2025,M02
APU024074715     ,0240,74715,2018,M01,2025,M02
APU024074716     ,0240,74716,2018,M01,2025,M02
APU024074717     ,0240,74717,2018,M01,2025,M02
APU02407471A     ,0240,7471A,2018,M01,2025,M02
APU0300701111    ,0300,701111,1980,M01,2025,M02
APU0300701312    ,0300,701312,1980,M01,2025,M02
APU0300701321    ,0300,701321,1980,M01,1980,M06
APU0300701322    ,0300,701322,1984,M01,2025,M02
APU0300702111    ,0300,702111,1980,M01,2025,M02
APU0300702112    ,0300,702112,1980,M01,2000,M10
APU0300702211    ,0300,702211,1980,M01,1981,M12
APU0300702212    ,0300,702212,1980,M01,2020,M10
APU0300702213    ,0300,702213,1980,M01,1980,M08
APU0300702221    ,0300,702221,1980,M01,1985,M10
APU0300702411    ,0300,702411,1980,M01,1985,M07
APU0300702421    ,0300,702421,1980,M01,2025,M02
APU0300702611    ,0300,702611,1980,M01,2000,M10
APU0300703111    ,0300,703111,1980,M01,2025,M02
APU0300703112    ,0300,703112,1984,M01,2025,M02
APU0300703113    ,0300,703113,1991,M01,2025,M02
APU0300703211    ,0300,703211,1980,M01,1996,M04
APU0300703212    ,0300,703212,1991,M01,2017,M12
APU0300703213    ,0300,703213,1989,M01,2025,M02
APU0300703311    ,0300,703311,1980,M01,2025,M02
APU0300703312    ,0300,703312,1991,M01,2016,M10
APU0300703411    ,0300,703411,1980,M01,1997,M12
APU0300703421    ,0300,703421,1980,M01,1988,M12
APU0300703422    ,0300,703422,1980,M01,1998,M01
APU0300703423    ,0300,703423,1980,M01,1988,M02
APU0300703425    ,0300,703425,1991,M01,1997,M12
APU0300703431    ,0300,703431,1991,M01,1993,M10
APU0300703432    ,0300,703432,1991,M01,2025,M02
APU0300703511    ,0300,703511,1980,M01,2025,M02
APU0300703512    ,0300,703512,1991,M01,2025,M02
APU0300703611    ,0300,703611,1980,M01,1991,M07
APU0300703612    ,0300,703612,1991,M01,2017,M12
APU0300703613    ,0300,703613,1989,M01,2025,M02
APU0300704111    ,0300,704111,1980,M01,2025,M02
APU0300704211    ,0300,704211,1980,M01,2025,M02
APU0300704212    ,0300,704212,1995,M07,2025,M02
APU0300704311    ,0300,704311,1980,M01,2013,M06
APU0300704312    ,0300,704312,1991,M01,2025,M02
APU0300704313    ,0300,704313,1980,M01,1983,M12
APU0300704314    ,0300,704314,1980,M01,1983,M12
APU0300704321    ,0300,704321,1980,M01,1989,M07
APU0300704411    ,0300,704411,1980,M01,1983,M12
APU0300704412    ,0300,704412,1980,M01,1982,M06
APU0300704413    ,0300,704413,1980,M01,2000,M09
APU0300704421    ,0300,704421,1980,M01,2002,M10
APU0300705111    ,0300,705111,1980,M01,2021,M10
APU0300705121    ,0300,705121,1980,M01,2020,M10
APU0300705141    ,0300,705141,1980,M01,1988,M06
APU0300706111    ,0300,706111,1980,M01,2025,M02
APU0300706211    ,0300,706211,1980,M01,2002,M09
APU0300706212    ,0300,706212,1980,M01,2025,M02
APU0300706311    ,0300,706311,1980,M01,2019,M10
APU0300707111    ,0300,707111,1980,M01,2004,M11
APU0300708111    ,0300,708111,1980,M01,2025,M02
APU0300709111    ,0300,709111,1980,M01,1991,M07
APU0300709112    ,0300,709112,1995,M07,2025,M02
APU0300709211    ,0300,709211,1980,M01,1986,M05
APU0300709212    ,0300,709212,1980,M01,1988,M06
APU0300709213    ,0300,709213,1995,M07,2000,M10
APU0300710111    ,0300,710111,1980,M01,2010,M04
APU0300710122    ,0300,710122,1987,M01,1997,M12
APU0300710211    ,0300,710211,1987,M01,2025,M02
APU0300710212    ,0300,710212,1984,M01,2025,M02
APU0300710411    ,0300,710411,1980,M01,2025,M02
APU0300711111    ,0300,711111,1980,M01,2017,M10
APU0300711211    ,0300,711211,1980,M01,2025,M02
APU0300711311    ,0300,711311,1980,M01,2025,M02
APU0300711312    ,0300,711312,1980,M05,2009,M09
APU0300711411    ,0300,711411,1980,M01,2025,M02
APU0300711412    ,0300,711412,1980,M01,2025,M02
APU0300711413    ,0300,711413,1980,M01,2018,M07
APU0300711414    ,0300,711414,1980,M06,2019,M09
APU0300711415    ,0300,711415,1980,M03,2025,M02
APU0300711416    ,0300,711416,1980,M01,1987,M01
APU0300711417    ,0300,711417,1980,M07,2022,M04
APU0300711418    ,0300,711418,1980,M06,2018,M07
APU0300712111    ,0300,712111,1980,M01,1986,M02
APU0300712112    ,0300,712112,1986,M03,2025,M02
APU0300712211    ,0300,712211,1980,M01,2020,M02
APU0300712311    ,0300,712311,1980,M01,2025,M02
APU0300712401    ,0300,712401,1980,M01,2008,M09
APU0300712402    ,0300,712402,1980,M01,1994,M08
APU0300712403    ,0300,712403,1980,M01,2000,M04
APU0300712404    ,0300,712404,1980,M01,1990,M07
APU0300712405    ,0300,712405,1981,M05,1985,M07
APU0300712406    ,0300,712406,1980,M01,2012,M10
APU0300712407    ,0300,712407,1980,M01,1988,M07
APU0300712408    ,0300,712408,1980,M01,1988,M02
APU0300712409    ,0300,712409,1980,M01,1997,M12
APU0300712410    ,0300,712410,1980,M01,1990,M12
APU0300712412    ,0300,712412,1995,M07,2013,M10
APU0300713111    ,0300,713111,1980,M01,2025,M02
APU0300713311    ,0300,713311,1996,M03,1997,M08
APU0300713312    ,0300,713312,1995,M07,1997,M12
APU0300714111    ,0300,714111,1980,M01,2004,M05
APU0300714221    ,0300,714221,1995,M07,1997,M12
APU0300714231    ,0300,714231,1980,M01,1988,M12
APU0300714232    ,0300,714232,1995,M07,1997,M12
APU0300714233    ,0300,714233,1995,M07,2025,M02
APU0300715111    ,0300,715111,1980,M01,1984,M11
APU0300715211    ,0300,715211,1980,M01,2025,M02
APU0300715212    ,0300,715212,1980,M01,2019,M09
APU0300715311    ,0300,715311,1980,M01,1981,M12
APU0300716114    ,0300,716114,1984,M01,2012,M04
APU0300716116    ,0300,716116,1984,M01,2020,M03
APU0300716121    ,0300,716121,1980,M01,2005,M09
APU0300716141    ,0300,716141,1984,M01,2011,M09
APU0300717111    ,0300,717111,1980,M01,1985,M06
APU0300717112    ,0300,717112,1980,M01,1981,M12
APU0300717113    ,0300,717113,1980,M08,1988,M07
APU0300717114    ,0300,717114,1995,M07,2007,M04
APU0300717311    ,0300,717311,1980,M01,2024,M10
APU0300717312    ,0300,717312,1980,M01,1988,M08
APU0300717324    ,0300,717324,1984,M01,1987,M11
APU0300717325    ,0300,717325,1987,M01,1988,M03
APU0300717327    ,0300,717327,1995,M07,2001,M09
APU0300717411    ,0300,717411,1980,M01,1983,M12
APU0300717412    ,0300,717412,1980,M01,1981,M09
APU0300717413    ,0300,717413,1980,M01,1981,M09
APU0300718311    ,0300,718311,1980,M01,2025,M02
APU0300718631    ,0300,718631,1980,M01,1986,M01
APU0300720111    ,0300,720111,1995,M07,2025,M02
APU0300720211    ,0300,720211,1985,M12,1988,M11
APU0300720311    ,0300,720311,1995,M07,2025,M02
APU030072511     ,0300,72511,1978,M11,2025,M02
APU030072601     ,0300,72601,1978,M11,2013,M06
APU030072610     ,0300,72610,1978,M11,2025,M02
APU030072611     ,0300,72611,1978,M11,2013,M06
APU030072620     ,0300,72620,1978,M11,2025,M02
APU030072621     ,0300,72621,1978,M11,2013,M06
APU030074712     ,0300,74712,1978,M01,1991,M04
APU030074713     ,0300,74713,1978,M01,1981,M08
APU030074714     ,0300,74714,1978,M01,2025,M02
APU030074715     ,0300,74715,1993,M12,2025,M02
APU030074716     ,0300,74716,1981,M09,2025,M02
APU030074717     ,0300,74717,1998,M01,2025,M02
APU03007471A     ,0300,7471A,1978,M01,2025,M02
APU0300FC1101    ,0300,FC1101,1998,M01,2025,M02
APU0300FC2101    ,0300,FC2101,1998,M01,2025,M02
APU0300FC3101    ,0300,FC3101,1998,M01,2025,M02
APU0300FC4101    ,0300,FC4101,1998,M01,2025,M02
APU0300FD2101    ,0300,FD2101,1998,M01,2025,M02
APU0300FD3101    ,0300,FD3101,1998,M01,2025,M02
APU0300FD4101    ,0300,FD4101,1998,M01,2025,M02
APU0300FF1101    ,0300,FF1101,2006,M01,2025,M02
APU0300FJ1101    ,0300,FJ1101,2018,M04,2024,M05
APU0300FJ4101    ,0300,FJ4101,2018,M04,2025,M02
APU0300FL2101    ,0300,FL2101,2006,M01,2025,M02
APU0300FN1101    ,0300,FN1101,2018,M04,2025,M02
APU0300FN1102    ,0300,FN1102,2018,M04,2025,M02
APU035072511     ,0350,72511,2018,M01,2025,M02
APU035072610     ,0350,72610,2018,M01,2024,M12
APU035072620     ,0350,72620,2018,M01,2024,M12
APU035074714     ,0350,74714,2018,M01,2025,M02
APU035074715     ,0350,74715,2018,M01,2025,M02
APU035074716     ,0350,74716,2018,M01,2025,M02
APU035074717     ,0350,74717,2018,M01,2025,M02
APU03507471A     ,0350,7471A,2018,M01,2025,M02
APU036072610     ,0360,72610,2018,M01,2024,M12
APU036072620     ,0360,72620,2018,M01,2024,M12
APU036074714     ,0360,74714,2018,M01,2025,M02
APU036074715     ,0360,74715,2018,M01,2025,M02
APU036074716     ,0360,74716,2018,M01,2025,M02
APU036074717     ,0360,74717,2018,M01,2025,M02
APU03607471A     ,0360,7471A,2018,M01,2025,M02
APU037072610     ,0370,72610,2018,M01,2024,M12
APU037072620     ,0370,72620,2018,M01,2024,M12
APU037074714     ,0370,74714,2018,M01,2025,M02
APU037074715     ,0370,74715,2018,M01,2025,M02
APU037074716     ,0370,74716,2018,M01,2025,M02
APU037074717     ,0370,74717,2018,M01,2025,M02
APU03707471A     ,0370,7471A,2018,M01,2025,M02
APU0400701111    ,0400,701111,1980,M01,2022,M05
APU0400701311    ,0400,701311,1980,M01,1981,M12
APU0400701312    ,0400,701312,1980,M01,2025,M02
APU0400701322    ,0400,701322,1988,M02,2025,M02
APU0400702111    ,0400,702111,1980,M01,2025,M02
APU0400702112    ,0400,702112,1980,M01,1997,M12
APU0400702212    ,0400,702212,1980,M01,2025,M02
APU0400702213    ,0400,702213,1980,M01,1981,M12
APU0400702221    ,0400,702221,1980,M01,1983,M06
APU0400702411    ,0400,702411,1980,M01,1986,M12
APU0400702421    ,0400,702421,1980,M01,2025,M02
APU0400702611    ,0400,702611,1980,M01,1981,M12
APU0400703111    ,0400,703111,1980,M01,1988,M02
APU0400703112    ,0400,703112,1984,M01,2025,M02
APU0400703113    ,0400,703113,1991,M01,2023,M04
APU0400703211    ,0400,703211,1980,M01,1986,M10
APU0400703212    ,0400,703212,1991,M01,2016,M04
APU0400703213    ,0400,703213,1989,M01,2025,M02
APU0400703311    ,0400,703311,1980,M01,2025,M02
APU0400703312    ,0400,703312,1991,M01,2008,M09
APU0400703411    ,0400,703411,1980,M01,1988,M01
APU0400703421    ,0400,703421,1980,M01,1981,M06
APU0400703422    ,0400,703422,1980,M01,1984,M09
APU0400703432    ,0400,703432,2002,M10,2024,M05
APU0400703511    ,0400,703511,1980,M01,2024,M04
APU0400703512    ,0400,703512,1991,M01,2011,M09
APU0400703612    ,0400,703612,1991,M01,2018,M03
APU0400703613    ,0400,703613,1989,M01,2025,M02
APU0400704111    ,0400,704111,1980,M01,2025,M02
APU0400704211    ,0400,704211,1980,M01,2018,M10
APU0400704212    ,0400,704212,1995,M07,2025,M02
APU0400704311    ,0400,704311,1980,M01,1988,M02
APU0400704312    ,0400,704312,1991,M01,2025,M02
APU0400704313    ,0400,704313,1980,M01,1983,M04
APU0400704314    ,0400,704314,1980,M01,1981,M12
APU0400704321    ,0400,704321,1980,M01,1989,M10
APU0400704412    ,0400,704412,1980,M01,1987,M09
APU0400704413    ,0400,704413,1981,M04,1981,M06
APU0400704421    ,0400,704421,1980,M01,1988,M03
APU0400705111    ,0400,705111,1980,M01,2020,M03
APU0400705121    ,0400,705121,1980,M01,2018,M04
APU0400705141    ,0400,705141,1980,M01,1986,M12
APU0400706111    ,0400,706111,1980,M01,2025,M02
APU0400706211    ,0400,706211,1980,M01,2003,M03
APU0400706212    ,0400,706212,1980,M01,2025,M02
APU0400706311    ,0400,706311,1980,M01,1997,M12
APU0400707111    ,0400,707111,1980,M01,2002,M10
APU0400708112    ,0400,708112,1980,M01,2024,M10
APU0400709111    ,0400,709111,1980,M01,1997,M12
APU0400709112    ,0400,709112,1995,M07,2025,M02
APU0400709211    ,0400,709211,1980,M01,1984,M07
APU0400709212    ,0400,709212,1980,M01,1988,M02
APU0400709213    ,0400,709213,1998,M01,2000,M10
APU0400710111    ,0400,710111,1980,M01,1990,M07
APU0400710122    ,0400,710122,1983,M07,1992,M04
APU0400710211    ,0400,710211,2014,M11,2022,M09
APU0400710212    ,0400,710212,1984,M01,2025,M02
APU0400710411    ,0400,710411,1980,M01,2025,M02
APU0400711111    ,0400,711111,1980,M01,2015,M04
APU0400711211    ,0400,711211,1980,M01,2025,M02
APU0400711311    ,0400,711311,1980,M01,2025,M02
APU0400711312    ,0400,711312,1980,M06,2010,M09
APU0400711411    ,0400,711411,1980,M01,2020,M02
APU0400711412    ,0400,711412,1980,M01,2025,M02
APU0400711413    ,0400,711413,1980,M01,1990,M03
APU0400711414    ,0400,711414,1980,M06,2020,M08
APU0400711415    ,0400,711415,1980,M04,2022,M04
APU0400711416    ,0400,711416,1980,M01,1986,M01
APU0400711417    ,0400,711417,1980,M07,2019,M10
APU0400711418    ,0400,711418,1980,M06,1988,M07
APU0400712111    ,0400,712111,1980,M01,1986,M02
APU0400712112    ,0400,712112,1986,M03,2025,M02
APU0400712211    ,0400,712211,1980,M01,2020,M02
APU0400712311    ,0400,712311,1980,M01,2025,M02
APU0400712401    ,0400,712401,1980,M01,1988,M06
APU0400712402    ,0400,712402,1980,M01,1990,M07
APU0400712403    ,0400,712403,1980,M01,1997,M12
APU0400712404    ,0400,712404,1980,M01,1990,M07
APU0400712406    ,0400,712406,1980,M01,1988,M02
APU0400712407    ,0400,712407,1980,M05,1985,M09
APU0400712408    ,0400,712408,1980,M01,1988,M01
APU0400712409    ,0400,712409,1980,M01,1992,M02
APU0400712410    ,0400,712410,1980,M01,1988,M05
APU0400712411    ,0400,712411,1980,M01,1986,M12
APU0400712412    ,0400,712412,1995,M07,2018,M04
APU0400713111    ,0400,713111,1980,M01,2004,M04
APU0400714111    ,0400,714111,1981,M03,1995,M12
APU0400714231    ,0400,714231,1980,M01,1984,M01
APU0400714232    ,0400,714232,1995,M07,1997,M12
APU0400714233    ,0400,714233,1998,M01,2020,M10
APU0400715111    ,0400,715111,1980,M01,1985,M04
APU0400715211    ,0400,715211,1980,M01,2025,M02
APU0400715212    ,0400,715212,1980,M01,1995,M12
APU0400716111    ,0400,716111,1980,M01,1981,M12
APU0400716113    ,0400,716113,1980,M01,1982,M08
APU0400716114    ,0400,716114,1984,M01,1994,M10
APU0400716116    ,0400,716116,1984,M01,2019,M04
APU0400716121    ,0400,716121,1980,M01,1997,M12
APU0400716141    ,0400,716141,1984,M01,2002,M05
APU0400717111    ,0400,717111,1980,M01,1985,M11
APU0400717112    ,0400,717112,1980,M01,1982,M09
APU0400717113    ,0400,717113,1980,M01,1990,M07
APU0400717114    ,0400,717114,2004,M10,2006,M04
APU0400717311    ,0400,717311,1980,M01,2024,M04
APU0400717312    ,0400,717312,1980,M01,1986,M01
APU0400717324    ,0400,717324,1984,M01,1986,M12
APU0400717325    ,0400,717325,1984,M01,1984,M08
APU0400717326    ,0400,717326,1984,M09,1985,M11
APU0400717411    ,0400,717411,1980,M01,1981,M07
APU0400717413    ,0400,717413,1980,M01,1981,M12
APU0400718311    ,0400,718311,1980,M01,2025,M02
APU0400718631    ,0400,718631,1980,M01,1984,M07
APU0400720111    ,0400,720111,1995,M07,2025,M02
APU0400720211    ,0400,720211,1985,M12,1986,M12
APU0400720221    ,0400,720221,1985,M12,1986,M12
APU0400720222    ,0400,720222,1995,M08,1997,M12
APU0400720311    ,0400,720311,1995,M07,2025,M02
APU040072511     ,0400,72511,1978,M11,2016,M05
APU040072601     ,0400,72601,1978,M11,2013,M06
APU040072610     ,0400,72610,1978,M11,2025,M02
APU040072611     ,0400,72611,1978,M11,2013,M06
APU040072620     ,0400,72620,1978,M11,2025,M02
APU040072621     ,0400,72621,1978,M11,2013,M06
APU040074712     ,0400,74712,1978,M01,1991,M04
APU040074713     ,0400,74713,1978,M01,1983,M12
APU040074714     ,0400,74714,1978,M01,2025,M02
APU040074715     ,0400,74715,1993,M12,2025,M02
APU040074716     ,0400,74716,1981,M09,2025,M02
APU040074717     ,0400,74717,1998,M01,2025,M02
APU04007471A     ,0400,7471A,1978,M01,2025,M02
APU0400FC1101    ,0400,FC1101,1998,M01,2025,M02
APU0400FC2101    ,0400,FC2101,1998,M01,2025,M02
APU0400FC3101    ,0400,FC3101,1998,M01,2025,M02
APU0400FC4101    ,0400,FC4101,1998,M01,2025,M02
APU0400FD2101    ,0400,FD2101,1998,M01,2025,M02
APU0400FD3101    ,0400,FD3101,1998,M01,2025,M02
APU0400FD4101    ,0400,FD4101,1998,M01,2025,M02
APU0400FF1101    ,0400,FF1101,2006,M01,2025,M02
APU0400FJ1101    ,0400,FJ1101,2018,M04,2025,M02
APU0400FJ4101    ,0400,FJ4101,2018,M04,2024,M10
APU0400FL2101    ,0400,FL2101,2006,M01,2024,M10
APU0400FN1101    ,0400,FN1101,2018,M04,2022,M05
APU0400FN1102    ,0400,FN1102,2018,M04,2025,M02
APU0400FS1101    ,0400,FS1101,2018,M04,2024,M05
APU048072610     ,0480,72610,2018,M01,2024,M12
APU048072620     ,0480,72620,2018,M01,2024,M12
APU048074714     ,0480,74714,2018,M01,2025,M02
APU048074715     ,0480,74715,2018,M01,2025,M02
APU048074716     ,0480,74716,2018,M01,2025,M02
APU048074717     ,0480,74717,2018,M01,2025,M02
APU04807471A     ,0480,7471A,2018,M01,2025,M02
APU049072511     ,0490,72511,2018,M01,2025,M02
APU049072610     ,0490,72610,2018,M01,2024,M12
APU049072620     ,0490,72620,2018,M01,2024,M12
APU049074714     ,0490,74714,2018,M01,2025,M02
APU049074715     ,0490,74715,2018,M01,2025,M02
APU049074716     ,0490,74716,2018,M01,2025,M02
APU049074717     ,0490,74717,2018,M01,2025,M02
APU04907471A     ,0490,7471A,2018,M01,2025,M02
APUA10472511     ,A104,72511,1982,M11,1997,M12
APUA10472601     ,A104,72601,1978,M11,1997,M12
APUA10472610     ,A104,72610,1978,M11,1997,M12
APUA10472611     ,A104,72611,1978,M11,1997,M12
APUA10472620     ,A104,72620,1978,M11,1997,M12
APUA10472621     ,A104,72621,1978,M11,1997,M12
APUA10474712     ,A104,74712,1978,M01,1989,M04
APUA10474713     ,A104,74713,1978,M01,1980,M09
APUA10474714     ,A104,74714,1978,M01,1997,M12
APUA10474715     ,A104,74715,1993,M12,1997,M12
APUA10474716     ,A104,74716,1981,M09,1997,M12
APUA1047471A     ,A104,7471A,1978,M01,1997,M12
APUA10572511     ,A105,72511,1978,M11,1986,M12
APUA10572601     ,A105,72601,1978,M11,1986,M12
APUA10572610     ,A105,72610,1978,M11,1986,M12
APUA10572611     ,A105,72611,1978,M11,1986,M12
APUA10572620     ,A105,72620,1978,M11,1986,M12
APUA10572621     ,A105,72621,1978,M11,1986,M12
APUA10574712     ,A105,74712,1978,M01,1986,M12
APUA10574713     ,A105,74713,1978,M01,1980,M05
APUA10574714     ,A105,74714,1978,M01,1986,M12
APUA10574716     ,A105,74716,1981,M09,1986,M12
APUA1057471A     ,A105,7471A,1978,M01,1986,M12
APUA10672511     ,A106,72511,1978,M11,1986,M12
APUA10672601     ,A106,72601,1978,M11,1986,M12
APUA10672610     ,A106,72610,1978,M11,1986,M12
APUA10672611     ,A106,72611,1978,M11,1986,M12
APUA10672620     ,A106,72620,1978,M11,1986,M12
APUA10672621     ,A106,72621,1978,M11,1986,M12
APUA10674712     ,A106,74712,1978,M01,1986,M12
APUA10674713     ,A106,74713,1978,M01,1980,M10
APUA10674714     ,A106,74714,1978,M01,1986,M12
APUA10674716     ,A106,74716,1981,M09,1986,M12
APUA1067471A     ,A106,7471A,1978,M01,1986,M12
APUA21072511     ,A210,72511,1987,M01,1988,M07
APUA21072601     ,A210,72601,1978,M11,2013,M06
APUA21072610     ,A210,72610,1978,M11,2017,M12
APUA21072611     ,A210,72611,1978,M11,2013,M06
APUA21072620     ,A210,72620,1978,M11,2017,M12
APUA21072621     ,A210,72621,1978,M11,2013,M06
APUA21074712     ,A210,74712,1978,M01,1988,M07
APUA21074713     ,A210,74713,1978,M01,1980,M09
APUA21074714     ,A210,74714,1978,M01,2017,M12
APUA21074715     ,A210,74715,1993,M12,2017,M12
APUA21074716     ,A210,74716,1981,M09,2017,M12
APUA2107471A     ,A210,7471A,1978,M01,2017,M12
APUA21272511     ,A212,72511,1978,M11,1986,M12
APUA21272601     ,A212,72601,1978,M11,1986,M12
APUA21272610     ,A212,72610,1978,M11,1986,M12
APUA21272611     ,A212,72611,1978,M11,1986,M12
APUA21272620     ,A212,72620,1978,M11,1986,M12
APUA21272621     ,A212,72621,1978,M11,1986,M01
APUA21274712     ,A212,74712,1978,M01,1986,M12
APUA21274713     ,A212,74713,1978,M01,1980,M05
APUA21274714     ,A212,74714,1978,M01,1986,M12
APUA21274716     ,A212,74716,1981,M09,1986,M12
APUA2127471A     ,A212,7471A,1978,M01,1986,M12
APUA21372511     ,A213,72511,1978,M11,1986,M12
APUA21372601     ,A213,72601,1978,M11,1986,M12
APUA21372610     ,A213,72610,1978,M11,1986,M12
APUA21372611     ,A213,72611,1978,M11,1986,M12
APUA21372620     ,A213,72620,1978,M11,1986,M12
APUA21372621     ,A213,72621,1978,M11,1986,M12
APUA21374712     ,A213,74712,1978,M01,1986,M12
APUA21374713     ,A213,74713,1978,M01,1980,M11
APUA21374714     ,A213,74714,1978,M01,1986,M12
APUA21374716     ,A213,74716,1981,M09,1986,M12
APUA2137471A     ,A213,7471A,1978,M01,1986,M12
APUA21472601     ,A214,72601,1978,M11,1986,M12
APUA21472610     ,A214,72610,1978,M11,1986,M12
APUA21472611     ,A214,72611,1978,M11,1986,M12
APUA21472620     ,A214,72620,1978,M11,1986,M12
APUA21472621     ,A214,72621,1978,M11,1986,M12
APUA21474712     ,A214,74712,1978,M01,1986,M12
APUA21474713     ,A214,74713,1978,M01,1980,M05
APUA21474714     ,A214,74714,1978,M01,1986,M12
APUA21474716     ,A214,74716,1984,M09,1986,M12
APUA2147471A     ,A214,7471A,1978,M01,1986,M12
APUA31172601     ,A311,72601,1998,M01,2013,M06
APUA31172610     ,A311,72610,1998,M01,2017,M12
APUA31172611     ,A311,72611,1998,M01,2013,M06
APUA31172620     ,A311,72620,1998,M01,2017,M12
APUA31172621     ,A311,72621,1998,M01,2013,M06
APUA31174714     ,A311,74714,1998,M01,2017,M12
APUA31174715     ,A311,74715,1998,M01,2017,M12
APUA31174716     ,A311,74716,1998,M01,2017,M12
APUA3117471A     ,A311,7471A,1998,M01,2017,M12
APUA31572511     ,A315,72511,1978,M11,1997,M12
APUA31572601     ,A315,72601,1978,M11,1997,M12
APUA31572610     ,A315,72610,1978,M11,1997,M12
APUA31572611     ,A315,72611,1978,M11,1997,M12
APUA31572620     ,A315,72620,1978,M11,1997,M12
APUA31572621     ,A315,72621,1978,M11,1997,M12
APUA31574712     ,A315,74712,1978,M01,1988,M03
APUA31574713     ,A315,74713,1978,M01,1980,M09
APUA31574714     ,A315,74714,1978,M01,1997,M12
APUA31574715     ,A315,74715,1993,M12,1997,M12
APUA31574716     ,A315,74716,1981,M09,1997,M12
APUA3157471A     ,A315,7471A,1978,M01,1997,M12
APUA31772511     ,A317,72511,1978,M11,1997,M12
APUA31772601     ,A317,72601,1978,M11,1997,M12
APUA31772610     ,A317,72610,1978,M11,1997,M12
APUA31772611     ,A317,72611,1978,M11,1997,M12
APUA31772620     ,A317,72620,1978,M11,1997,M12
APUA31772621     ,A317,72621,1978,M11,1997,M12
APUA31774712     ,A317,74712,1978,M01,1988,M12
APUA31774713     ,A317,74713,1978,M01,1980,M09
APUA31774714     ,A317,74714,1978,M01,1997,M12
APUA31774715     ,A317,74715,1993,M12,1997,M12
APUA31774716     ,A317,74716,1981,M09,1997,M12
APUA3177471A     ,A317,7471A,1978,M01,1997,M12
APUA42172601     ,A421,72601,1978,M11,2013,M06
APUA42172610     ,A421,72610,1978,M11,2017,M12
APUA42172611     ,A421,72611,1978,M11,2013,M06
APUA42172620     ,A421,72620,1978,M11,2017,M12
APUA42172621     ,A421,72621,1978,M11,2013,M06
APUA42174712     ,A421,74712,1978,M01,1991,M04
APUA42174713     ,A421,74713,1978,M01,1982,M09
APUA42174714     ,A421,74714,1978,M01,2017,M12
APUA42174715     ,A421,74715,1993,M12,2017,M12
APUA42174716     ,A421,74716,1981,M09,2017,M12
APUA4217471A     ,A421,7471A,1978,M01,2017,M12
APUA42572511     ,A425,72511,1978,M11,1986,M12
APUA42572601     ,A425,72601,1978,M11,1986,M12
APUA42572610     ,A425,72610,1978,M11,1986,M12
APUA42572611     ,A425,72611,1978,M11,1986,M12
APUA42572620     ,A425,72620,1978,M11,1986,M12
APUA42572621     ,A425,72621,1978,M11,1986,M12
APUA42574712     ,A425,74712,1978,M01,1986,M12
APUA42574713     ,A425,74713,1978,M01,1981,M03
APUA42574714     ,A425,74714,1978,M01,1986,M12
APUA42574716     ,A425,74716,1981,M09,1986,M12
APUA4257471A     ,A425,7471A,1978,M01,1986,M12
APUB00072511     ,B000,72511,1987,M01,1997,M12
APUB00072601     ,B000,72601,1987,M01,1997,M12
APUB00072610     ,B000,72610,1987,M01,1997,M12
APUB00072611     ,B000,72611,1987,M01,1997,M12
APUB00072620     ,B000,72620,1987,M01,1997,M12
APUB00072621     ,B000,72621,1987,M01,1997,M12
APUB00074712     ,B000,74712,1987,M01,1991,M04
APUB00074714     ,B000,74714,1987,M01,1997,M12
APUB00074715     ,B000,74715,1993,M12,1997,M12
APUB00074716     ,B000,74716,1987,M01,1997,M12
APUB0007471A     ,B000,7471A,1987,M01,1997,M12
APUB10072511     ,B100,72511,1978,M11,1997,M12
APUB10072601     ,B100,72601,1978,M11,1997,M12
APUB10072610     ,B100,72610,1978,M11,1997,M12
APUB10072611     ,B100,72611,1978,M11,1997,M12
APUB10072620     ,B100,72620,1978,M11,1997,M12
APUB10072621     ,B100,72621,1978,M11,1997,M12
APUB10074712     ,B100,74712,1978,M01,1989,M06
APUB10074713     ,B100,74713,1978,M01,1981,M01
APUB10074714     ,B100,74714,1978,M01,1997,M12
APUB10074715     ,B100,74715,1993,M12,1997,M12
APUB10074716     ,B100,74716,1981,M09,1997,M12
APUB1007471A     ,B100,7471A,1978,M01,1997,M12
APUB20072511     ,B200,72511,1978,M11,1997,M12
APUB20072601     ,B200,72601,1978,M11,1997,M12
APUB20072610     ,B200,72610,1978,M11,1997,M12
APUB20072611     ,B200,72611,1978,M11,1997,M12
APUB20072620     ,B200,72620,1978,M11,1997,M12
APUB20072621     ,B200,72621,1978,M11,1997,M12
APUB20074712     ,B200,74712,1978,M01,1989,M05
APUB20074713     ,B200,74713,1978,M01,1980,M05
APUB20074714     ,B200,74714,1978,M01,1997,M12
APUB20074715     ,B200,74715,1993,M12,1997,M12
APUB20074716     ,B200,74716,1981,M09,1997,M12
APUB2007471A     ,B200,7471A,1978,M01,1997,M12
APUB30072511     ,B300,72511,1978,M11,1997,M12
APUB30072601     ,B300,72601,1978,M11,1997,M12
APUB30072610     ,B300,72610,1978,M11,1997,M12
APUB30072611     ,B300,72611,1978,M11,1997,M12
APUB30072620     ,B300,72620,1978,M11,1997,M12
APUB30072621     ,B300,72621,1978,M11,1997,M12
APUB30074712     ,B300,74712,1978,M01,1990,M07
APUB30074713     ,B300,74713,1978,M01,1980,M10
APUB30074714     ,B300,74714,1978,M01,1997,M12
APUB30074715     ,B300,74715,1993,M12,1997,M12
APUB30074716     ,B300,74716,1981,M09,1997,M12
APUB3007471A     ,B300,7471A,1978,M01,1997,M12
APUB40072511     ,B400,72511,1978,M11,1988,M02
APUB40072601     ,B400,72601,1978,M11,1988,M12
APUB40072610     ,B400,72610,1978,M11,1988,M12
APUB40072611     ,B400,72611,1978,M11,1988,M12
APUB40072620     ,B400,72620,1978,M11,1988,M12
APUB40072621     ,B400,72621,1978,M11,1988,M12
APUB40074712     ,B400,74712,1978,M01,1988,M12
APUB40074713     ,B400,74713,1978,M01,1983,M12
APUB40074714     ,B400,74714,1978,M01,1988,M12
APUB40074716     ,B400,74716,1981,M09,1988,M12
APUB4007471A     ,B400,7471A,1978,M01,1988,M12
APUC00072511     ,C000,72511,1987,M01,1997,M12
APUC00072601     ,C000,72601,1987,M01,1997,M12
APUC00072610     ,C000,72610,1987,M01,1997,M12
APUC00072611     ,C000,72611,1987,M01,1997,M12
APUC00072620     ,C000,72620,1987,M01,1997,M12
APUC00072621     ,C000,72621,1987,M01,1997,M12
APUC00074712     ,C000,74712,1987,M01,1991,M04
APUC00074714     ,C000,74714,1987,M01,1997,M12
APUC00074715     ,C000,74715,1993,M12,1997,M12
APUC00074716     ,C000,74716,1987,M01,1997,M12
APUC0007471A     ,C000,7471A,1987,M01,1997,M12
APUC10072511     ,C100,72511,1978,M11,1997,M12
APUC10072601     ,C100,72601,1978,M11,1997,M12
APUC10072610     ,C100,72610,1978,M11,1997,M12
APUC10072611     ,C100,72611,1978,M11,1997,M12
APUC10072620     ,C100,72620,1978,M11,1997,M12
APUC10072621     ,C100,72621,1978,M11,1997,M12
APUC10074712     ,C100,74712,1978,M01,1989,M04
APUC10074713     ,C100,74713,1978,M01,1980,M05
APUC10074714     ,C100,74714,1978,M01,1997,M12
APUC10074715     ,C100,74715,1993,M12,1997,M12
APUC10074716     ,C100,74716,1981,M09,1997,M12
APUC1007471A     ,C100,7471A,1978,M01,1997,M12
APUC20072511     ,C200,72511,1978,M11,1997,M12
APUC20072601     ,C200,72601,1978,M11,1997,M12
APUC20072610     ,C200,72610,1978,M11,1997,M12
APUC20072611     ,C200,72611,1978,M11,1997,M12
APUC20072620     ,C200,72620,1978,M11,1997,M12
APUC20072621     ,C200,72621,1978,M11,1997,M12
APUC20074712     ,C200,74712,1978,M01,1991,M04
APUC20074713     ,C200,74713,1978,M01,1980,M05
APUC20074714     ,C200,74714,1978,M01,1997,M12
APUC20074715     ,C200,74715,1993,M12,1997,M12
APUC20074716     ,C200,74716,1986,M02,1997,M12
APUC2007471A     ,C200,7471A,1978,M01,1997,M12
APUC30072511     ,C300,72511,1987,M01,1991,M06
APUC30072601     ,C300,72601,1978,M11,1997,M12
APUC30072610     ,C300,72610,1978,M11,1997,M12
APUC30072611     ,C300,72611,1978,M11,1997,M12
APUC30072620     ,C300,72620,1978,M11,1997,M12
APUC30072621     ,C300,72621,1978,M11,1997,M12
APUC30074712     ,C300,74712,1978,M01,1990,M02
APUC30074713     ,C300,74713,1978,M01,1981,M02
APUC30074714     ,C300,74714,1978,M01,1997,M12
APUC30074715     ,C300,74715,1993,M12,1997,M12
APUC30074716     ,C300,74716,1981,M09,1997,M12
APUC3007471A     ,C300,7471A,1978,M01,1997,M12
APUC40072511     ,C400,72511,1978,M11,1997,M12
APUC40072601     ,C400,72601,1978,M11,1997,M12
APUC40072610     ,C400,72610,1978,M11,1997,M12
APUC40072611     ,C400,72611,1978,M11,1997,M12
APUC40072620     ,C400,72620,1978,M11,1997,M12
APUC40072621     ,C400,72621,1978,M11,1997,M12
APUC40074712     ,C400,74712,1978,M01,1991,M04
APUC40074713     ,C400,74713,1978,M01,1981,M12
APUC40074714     ,C400,74714,1978,M01,1997,M12
APUC40074715     ,C400,74715,1993,M12,1997,M12
APUC40074716     ,C400,74716,1981,M09,1997,M12
APUC4007471A     ,C400,7471A,1978,M01,1997,M12
APUD00072511     ,D000,72511,1987,M01,2014,M12
APUD00072601     ,D000,72601,1987,M01,2013,M06
APUD00072610     ,D000,72610,1987,M01,2017,M12
APUD00072611     ,D000,72611,1987,M01,2013,M06
APUD00072620     ,D000,72620,1987,M01,2017,M12
APUD00072621     ,D000,72621,1987,M01,2013,M06
APUD00074712     ,D000,74712,1987,M01,1991,M04
APUD00074714     ,D000,74714,1987,M01,2017,M12
APUD00074715     ,D000,74715,1993,M12,2017,M12
APUD00074716     ,D000,74716,1987,M01,2017,M12
APUD00074717     ,D000,74717,1998,M01,2017,M12
APUD0007471A     ,D000,7471A,1987,M01,2017,M12
APUD10072511     ,D100,72511,1978,M11,1986,M12
APUD10072601     ,D100,72601,1978,M11,1986,M12
APUD10072610     ,D100,72610,1978,M11,1986,M12
APUD10072611     ,D100,72611,1978,M11,1986,M12
APUD10072620     ,D100,72620,1978,M11,1986,M12
APUD10072621     ,D100,72621,1978,M11,1986,M12
APUD10074712     ,D100,74712,1978,M01,1986,M12
APUD10074713     ,D100,74713,1978,M01,1980,M05
APUD10074714     ,D100,74714,1978,M01,1986,M12
APUD10074716     ,D100,74716,1981,M12,1986,M12
APUD1007471A     ,D100,7471A,1978,M01,1986,M12
APUD20072511     ,D200,72511,1979,M09,2017,M04
APUD20072601     ,D200,72601,1979,M08,2013,M06
APUD20072610     ,D200,72610,1978,M11,2017,M12
APUD20072611     ,D200,72611,1979,M08,2013,M06
APUD20072620     ,D200,72620,1978,M11,2017,M12
APUD20072621     ,D200,72621,1978,M11,2013,M06
APUD20074712     ,D200,74712,1978,M01,1990,M01
APUD20074713     ,D200,74713,1978,M01,1980,M05
APUD20074714     ,D200,74714,1978,M01,2017,M12
APUD20074715     ,D200,74715,1993,M12,2017,M12
APUD20074716     ,D200,74716,1993,M12,2017,M12
APUD20074717     ,D200,74717,2007,M09,2017,M12
APUD2007471A     ,D200,7471A,1978,M01,2017,M12
APUD30072511     ,D300,72511,1979,M05,2009,M10
APUD30072601     ,D300,72601,1978,M11,2013,M06
APUD30072610     ,D300,72610,1978,M11,2017,M12
APUD30072611     ,D300,72611,1978,M11,2013,M06
APUD30072620     ,D300,72620,1978,M11,2017,M12
APUD30072621     ,D300,72621,1978,M11,2013,M06
APUD30074712     ,D300,74712,1978,M01,1989,M04
APUD30074713     ,D300,74713,1978,M01,1980,M05
APUD30074714     ,D300,74714,1978,M01,2017,M12
APUD30074715     ,D300,74715,1993,M12,2017,M12
APUD30074716     ,D300,74716,1981,M09,2017,M12
APUD30074717     ,D300,74717,2005,M05,2017,M12
APUD3007471A     ,D300,7471A,1978,M01,2017,M12
APUD40072511     ,D400,72511,1979,M06,1986,M12
APUD40072601     ,D400,72601,1978,M11,1986,M12
APUD40072610     ,D400,72610,1978,M11,1986,M12
APUD40072611     ,D400,72611,1978,M11,1986,M12
APUD40072620     ,D400,72620,1978,M11,1986,M12
APUD40072621     ,D400,72621,1978,M11,1986,M12
APUD40074712     ,D400,74712,1978,M01,1986,M12
APUD40074713     ,D400,74713,1978,M01,1981,M01
APUD40074714     ,D400,74714,1978,M01,1986,M12
APUD4007471A     ,D400,7471A,1978,M01,1986,M12
APUN00072511     ,N000,72511,1998,M01,2025,M02
APUN00072601     ,N000,72601,1998,M01,2013,M06
APUN00072610     ,N000,72610,1998,M01,2025,M02
APUN00072611     ,N000,72611,1998,M01,2013,M06
APUN00072620     ,N000,72620,1998,M01,2025,M02
APUN00072621     ,N000,72621,1998,M01,2013,M06
APUN00074714     ,N000,74714,1998,M01,2025,M02
APUN00074715     ,N000,74715,1998,M01,2025,M02
APUN00074716     ,N000,74716,1998,M01,2025,M02
APUN00074717     ,N000,74717,1998,M01,2025,M02
APUN0007471A     ,N000,7471A,1998,M01,2025,M02
APUN10072511     ,N100,72511,1998,M01,2025,M02
APUN10072601     ,N100,72601,1998,M01,2013,M06
APUN10072610     ,N100,72610,1998,M01,2024,M12
APUN10072611     ,N100,72611,1998,M01,2013,M06
APUN10072620     ,N100,72620,1998,M01,2024,M12
APUN10072621     ,N100,72621,1998,M01,2013,M06
APUN10074714     ,N100,74714,1998,M01,2025,M02
APUN10074715     ,N100,74715,1998,M01,2025,M02
APUN10074716     ,N100,74716,1998,M01,2025,M02
APUN10074717     ,N100,74717,1998,M01,2025,M02
APUN1007471A     ,N100,7471A,1998,M01,2025,M02
APUN20072511     ,N200,72511,1998,M01,2024,M07
APUN20072601     ,N200,72601,1998,M01,2013,M06
APUN20072610     ,N200,72610,1998,M01,2024,M12
APUN20072611     ,N200,72611,1998,M01,2013,M06
APUN20072620     ,N200,72620,1998,M01,2024,M12
APUN20072621     ,N200,72621,1998,M01,2013,M06
APUN20074714     ,N200,74714,1998,M01,2025,M02
APUN20074715     ,N200,74715,1998,M01,2025,M02
APUN20074716     ,N200,74716,1998,M01,2025,M02
APUN20074717     ,N200,74717,1998,M01,2025,M02
APUN2007471A     ,N200,7471A,1998,M01,2025,M02
APUN30072511     ,N300,72511,1998,M01,2025,M02
APUN30072601     ,N300,72601,1998,M01,2013,M06
APUN30072610     ,N300,72610,1998,M01,2024,M12
APUN30072611     ,N300,72611,1998,M01,2013,M06
APUN30072620     ,N300,72620,1998,M01,2024,M12
APUN30072621     ,N300,72621,1998,M01,2013,M06
APUN30074714     ,N300,74714,1998,M01,2025,M02
APUN30074715     ,N300,74715,1998,M01,2025,M02
APUN30074716     ,N300,74716,1998,M01,2025,M02
APUN30074717     ,N300,74717,1998,M01,2025,M02
APUN3007471A     ,N300,7471A,1998,M01,2025,M02
APUN40072511     ,N400,72511,1998,M01,2014,M12
APUN40072601     ,N400,72601,1998,M01,2013,M06
APUN40072610     ,N400,72610,1998,M01,2024,M12
APUN40072611     ,N400,72611,1998,M01,2013,M06
APUN40072620     ,N400,72620,1998,M01,2024,M12
APUN40072621     ,N400,72621,1998,M01,2013,M06
APUN40074714     ,N400,74714,1998,M01,2025,M02
APUN40074715     ,N400,74715,1998,M01,2025,M02
APUN40074716     ,N400,74716,1998,M01,2025,M02
APUN40074717     ,N400,74717,1998,M01,2025,M02
APUN4007471A     ,N400,7471A,1998,M01,2025,M02
APUS00072511     ,S000,72511,1987,M01,2025,M02
APUS00072601     ,S000,72601,1987,M01,2013,M06
APUS00072610     ,S000,72610,1987,M01,2025,M02
APUS00072611     ,S000,72611,1987,M01,2013,M06
APUS00072620     ,S000,72620,1987,M01,2025,M02
APUS00072621     ,S000,72621,1987,M01,2013,M06
APUS00074712     ,S000,74712,1987,M01,1991,M04
APUS00074714     ,S000,74714,1987,M01,2025,M02
APUS00074715     ,S000,74715,1993,M12,2025,M02
APUS00074716     ,S000,74716,1987,M01,2025,M02
APUS00074717     ,S000,74717,1998,M01,2025,M02
APUS0007471A     ,S000,7471A,1987,M01,2025,M02
APUS10072511     ,S100,72511,1978,M11,2025,M02
APUS10072601     ,S100,72601,1978,M11,2013,M06
APUS10072610     ,S100,72610,1978,M11,2024,M12
APUS10072611     ,S100,72611,1978,M11,2013,M06
APUS10072620     ,S100,72620,1978,M11,2024,M12
APUS10072621     ,S100,72621,1978,M11,2013,M06
APUS10074712     ,S100,74712,1978,M01,1989,M08
APUS10074713     ,S100,74713,1978,M01,1981,M10
APUS10074714     ,S100,74714,1978,M01,2025,M02
APUS10074715     ,S100,74715,1993,M12,2025,M02
APUS10074716     ,S100,74716,1981,M09,2025,M02
APUS10074717     ,S100,74717,1998,M01,2025,M02
APUS1007471A     ,S100,7471A,1978,M01,2025,M02
APUS11A72511     ,S11A,72511,1978,M11,1997,M12
APUS11A72601     ,S11A,72601,1978,M11,2013,M06
APUS11A72610     ,S11A,72610,1978,M11,2024,M12
APUS11A72611     ,S11A,72611,1978,M11,2013,M06
APUS11A72620     ,S11A,72620,1978,M11,2024,M12
APUS11A72621     ,S11A,72621,1978,M11,2013,M06
APUS11A74712     ,S11A,74712,1978,M01,1989,M01
APUS11A74713     ,S11A,74713,1978,M01,1980,M07
APUS11A74714     ,S11A,74714,1978,M01,2025,M02
APUS11A74715     ,S11A,74715,1993,M12,2025,M02
APUS11A74716     ,S11A,74716,1981,M09,2025,M02
APUS11A7471A     ,S11A,7471A,1978,M01,2025,M02
APUS12A72511     ,S12A,72511,1978,M11,1997,M12
APUS12A72601     ,S12A,72601,1978,M11,2013,M06
APUS12A72610     ,S12A,72610,1978,M11,2024,M12
APUS12A72611     ,S12A,72611,1978,M11,2013,M06
APUS12A72620     ,S12A,72620,1978,M11,2024,M12
APUS12A72621     ,S12A,72621,1978,M11,2013,M06
APUS12A74712     ,S12A,74712,1978,M01,1989,M08
APUS12A74713     ,S12A,74713,1978,M01,1981,M09
APUS12A74714     ,S12A,74714,1978,M01,2025,M02
APUS12A74715     ,S12A,74715,1993,M12,2025,M02
APUS12A74716     ,S12A,74716,1981,M09,2025,M02
APUS12A7471A     ,S12A,7471A,1978,M01,2025,M02
APUS12B72511     ,S12B,72511,1978,M11,1997,M12
APUS12B72601     ,S12B,72601,1978,M11,2013,M06
APUS12B72610     ,S12B,72610,1978,M11,2024,M12
APUS12B72611     ,S12B,72611,1978,M11,2013,M06
APUS12B72620     ,S12B,72620,1978,M11,2024,M12
APUS12B72621     ,S12B,72621,1978,M11,2013,M06
APUS12B74712     ,S12B,74712,1978,M01,1989,M02
APUS12B74713     ,S12B,74713,1978,M01,1980,M10
APUS12B74714     ,S12B,74714,1978,M01,2025,M02
APUS12B74715     ,S12B,74715,1994,M10,2025,M02
APUS12B74716     ,S12B,74716,1981,M09,2025,M02
APUS12B7471A     ,S12B,7471A,1978,M01,2025,M02
APUS20072511     ,S200,72511,1978,M11,2017,M05
APUS20072601     ,S200,72601,1978,M11,2013,M06
APUS20072610     ,S200,72610,1978,M11,2024,M12
APUS20072611     ,S200,72611,1978,M11,2013,M06
APUS20072620     ,S200,72620,1978,M11,2024,M12
APUS20072621     ,S200,72621,1978,M11,2013,M06
APUS20074712     ,S200,74712,1978,M01,1991,M04
APUS20074713     ,S200,74713,1978,M01,1982,M08
APUS20074714     ,S200,74714,1978,M01,2025,M02
APUS20074715     ,S200,74715,1993,M12,2025,M02
APUS20074716     ,S200,74716,1981,M09,2025,M02
APUS20074717     ,S200,74717,1998,M01,2025,M02
APUS2007471A     ,S200,7471A,1978,M01,2025,M02
APUS23A72511     ,S23A,72511,1978,M11,1996,M09
APUS23A72601     ,S23A,72601,1978,M11,2013,M06
APUS23A72610     ,S23A,72610,1978,M11,2024,M12
APUS23A72611     ,S23A,72611,1978,M11,2013,M06
APUS23A72620     ,S23A,72620,1978,M11,2024,M12
APUS23A72621     ,S23A,72621,1978,M11,2013,M06
APUS23A74712     ,S23A,74712,1978,M01,1989,M05
APUS23A74713     ,S23A,74713,1978,M01,1980,M05
APUS23A74714     ,S23A,74714,1978,M01,2025,M02
APUS23A74715     ,S23A,74715,1993,M12,2025,M02
APUS23A74716     ,S23A,74716,1981,M09,2025,M02
APUS23A7471A     ,S23A,7471A,1978,M01,2025,M02
APUS23B72511     ,S23B,72511,1978,M11,1995,M10
APUS23B72601     ,S23B,72601,1978,M11,2013,M06
APUS23B72610     ,S23B,72610,1978,M11,2024,M10
APUS23B72611     ,S23B,72611,1978,M11,2013,M06
APUS23B72620     ,S23B,72620,1978,M11,2024,M11
APUS23B72621     ,S23B,72621,1978,M11,2013,M06
APUS23B74712     ,S23B,74712,1978,M01,1989,M04
APUS23B74713     ,S23B,74713,1978,M01,1980,M05
APUS23B74714     ,S23B,74714,1978,M01,2025,M02
APUS23B74715     ,S23B,74715,1993,M12,2025,M02
APUS23B74716     ,S23B,74716,1981,M09,2025,M02
APUS23B7471A     ,S23B,7471A,1978,M01,2025,M02
APUS24A72511     ,S24A,72511,1978,M11,1986,M12
APUS24A72601     ,S24A,72601,1978,M11,1986,M12
APUS24A72610     ,S24A,72610,1978,M11,2024,M12
APUS24A72611     ,S24A,72611,1978,M11,1986,M12
APUS24A72620     ,S24A,72620,1978,M11,2024,M12
APUS24A72621     ,S24A,72621,1978,M11,1986,M12
APUS24A74712     ,S24A,74712,1978,M01,1986,M12
APUS24A74713     ,S24A,74713,1978,M01,1982,M07
APUS24A74714     ,S24A,74714,1978,M01,2025,M02
APUS24A74715     ,S24A,74715,2018,M01,2025,M02
APUS24A74716     ,S24A,74716,1983,M11,2025,M02
APUS24A7471A     ,S24A,7471A,1978,M01,2025,M02
APUS24B72511     ,S24B,72511,1980,M08,1990,M09
APUS24B72601     ,S24B,72601,1978,M11,1997,M12
APUS24B72610     ,S24B,72610,1978,M11,2024,M11
APUS24B72611     ,S24B,72611,1978,M11,1997,M12
APUS24B72620     ,S24B,72620,1978,M11,2024,M11
APUS24B72621     ,S24B,72621,1978,M11,1997,M12
APUS24B74712     ,S24B,74712,1978,M01,1990,M03
APUS24B74713     ,S24B,74713,1978,M01,1980,M05
APUS24B74714     ,S24B,74714,1978,M01,2025,M02
APUS24B74715     ,S24B,74715,1993,M12,2025,M02
APUS24B74716     ,S24B,74716,1981,M09,2025,M02
APUS24B7471A     ,S24B,7471A,1978,M01,2025,M02
APUS30072511     ,S300,72511,1978,M11,2025,M01
APUS30072601     ,S300,72601,1978,M11,2013,M06
APUS30072610     ,S300,72610,1978,M11,2024,M12
APUS30072611     ,S300,72611,1978,M11,2013,M06
APUS30072620     ,S300,72620,1978,M11,2024,M12
APUS30072621     ,S300,72621,1978,M11,2013,M06
APUS30074712     ,S300,74712,1978,M01,1991,M04
APUS30074713     ,S300,74713,1978,M01,1981,M06
APUS30074714     ,S300,74714,1978,M01,2025,M02
APUS30074715     ,S300,74715,1993,M12,2025,M02
APUS30074716     ,S300,74716,1981,M09,2025,M02
APUS30074717     ,S300,74717,1998,M01,2025,M02
APUS3007471A     ,S300,7471A,1978,M01,2025,M02
APUS35A72511     ,S35A,72511,1978,M11,1997,M12
APUS35A72601     ,S35A,72601,1978,M11,1997,M12
APUS35A72610     ,S35A,72610,1978,M11,2024,M12
APUS35A72611     ,S35A,72611,1978,M11,1997,M12
APUS35A72620     ,S35A,72620,1978,M11,2024,M12
APUS35A72621     ,S35A,72621,1978,M11,1997,M12
APUS35A74712     ,S35A,74712,1978,M01,1988,M03
APUS35A74713     ,S35A,74713,1978,M01,1980,M09
APUS35A74714     ,S35A,74714,1978,M01,2025,M02
APUS35A74715     ,S35A,74715,1993,M12,2025,M02
APUS35A74716     ,S35A,74716,1981,M09,2025,M02
APUS35A7471A     ,S35A,7471A,1978,M01,2025,M02
APUS35B72601     ,S35B,72601,1978,M11,2013,M06
APUS35B72610     ,S35B,72610,1978,M11,2024,M12
APUS35B72611     ,S35B,72611,1978,M11,2013,M06
APUS35B72620     ,S35B,72620,1978,M11,2024,M12
APUS35B72621     ,S35B,72621,1978,M11,2013,M06
APUS35B74712     ,S35B,74712,1978,M01,1987,M12
APUS35B74713     ,S35B,74713,1978,M01,1980,M05
APUS35B74714     ,S35B,74714,1978,M01,2025,M02
APUS35B74715     ,S35B,74715,1993,M12,2025,M02
APUS35B74716     ,S35B,74716,1981,M09,2025,M02
APUS35B7471A     ,S35B,7471A,1978,M01,2025,M02
APUS35C72601     ,S35C,72601,1978,M11,2013,M06
APUS35C72610     ,S35C,72610,1978,M11,2024,M12
APUS35C72611     ,S35C,72611,1978,M11,2013,M06
APUS35C72620     ,S35C,72620,1978,M11,2024,M12
APUS35C72621     ,S35C,72621,1978,M11,2013,M06
APUS35C74712     ,S35C,74712,1978,M01,1986,M12
APUS35C74713     ,S35C,74713,1978,M01,1981,M03
APUS35C74714     ,S35C,74714,1978,M01,2025,M02
APUS35C74715     ,S35C,74715,1998,M01,2025,M02
APUS35C74716     ,S35C,74716,1981,M09,2025,M02
APUS35C7471A     ,S35C,7471A,1978,M01,2025,M02
APUS35D72610     ,S35D,72610,2018,M01,2023,M12
APUS35D74714     ,S35D,74714,2018,M01,2025,M02
APUS35D74715     ,S35D,74715,2018,M01,2025,M02
APUS35D74716     ,S35D,74716,2018,M01,2025,M02
APUS35D7471A     ,S35D,7471A,2018,M01,2025,M02
APUS35E72511     ,S35E,72511,1978,M11,1997,M12
APUS35E72601     ,S35E,72601,1978,M11,1997,M12
APUS35E72610     ,S35E,72610,1978,M11,2024,M12
APUS35E72611     ,S35E,72611,1978,M11,1997,M12
APUS35E72620     ,S35E,72620,1978,M11,2024,M12
APUS35E72621     ,S35E,72621,1978,M11,1997,M12
APUS35E74712     ,S35E,74712,1978,M01,1988,M12
APUS35E74713     ,S35E,74713,1978,M01,1980,M09
APUS35E74714     ,S35E,74714,1978,M01,2025,M02
APUS35E74715     ,S35E,74715,1993,M12,2025,M02
APUS35E74716     ,S35E,74716,1981,M09,2025,M02
APUS35E7471A     ,S35E,7471A,1978,M01,2025,M02
APUS37A72601     ,S37A,72601,1978,M11,2013,M06
APUS37A72610     ,S37A,72610,1978,M11,2024,M12
APUS37A72611     ,S37A,72611,1978,M11,2013,M06
APUS37A72620     ,S37A,72620,1978,M11,2024,M12
APUS37A72621     ,S37A,72621,1978,M11,2013,M06
APUS37A74712     ,S37A,74712,1978,M01,1989,M12
APUS37A74713     ,S37A,74713,1978,M01,1980,M05
APUS37A74714     ,S37A,74714,1978,M01,2025,M02
APUS37A74715     ,S37A,74715,1993,M12,2025,M02
APUS37A74716     ,S37A,74716,1981,M09,2025,M02
APUS37A7471A     ,S37A,7471A,1978,M01,2025,M02
APUS37B72601     ,S37B,72601,1979,M08,2013,M06
APUS37B72610     ,S37B,72610,1978,M11,2024,M12
APUS37B72611     ,S37B,72611,1979,M08,2013,M06
APUS37B72620     ,S37B,72620,1979,M03,2024,M11
APUS37B72621     ,S37B,72621,1978,M11,2013,M06
APUS37B74712     ,S37B,74712,1978,M01,1989,M04
APUS37B74713     ,S37B,74713,1978,M01,1980,M09
APUS37B74714     ,S37B,74714,1978,M01,2025,M02
APUS37B74715     ,S37B,74715,1993,M12,2025,M02
APUS37B74716     ,S37B,74716,1981,M09,2025,M02
APUS37B7471A     ,S37B,7471A,1978,M01,2025,M02
APUS40072511     ,S400,72511,1978,M11,2016,M04
APUS40072601     ,S400,72601,1978,M11,2013,M06
APUS40072610     ,S400,72610,1978,M11,2024,M12
APUS40072611     ,S400,72611,1978,M11,2013,M06
APUS40072620     ,S400,72620,1978,M11,2024,M12
APUS40072621     ,S400,72621,1978,M11,2013,M06
APUS40074712     ,S400,74712,1978,M01,1991,M04
APUS40074713     ,S400,74713,1978,M01,1983,M12
APUS40074714     ,S400,74714,1978,M01,2025,M02
APUS40074715     ,S400,74715,1993,M12,2025,M02
APUS40074716     ,S400,74716,1981,M09,2025,M02
APUS40074717     ,S400,74717,1998,M01,2025,M02
APUS4007471A     ,S400,7471A,1978,M01,2025,M02
APUS48A72610     ,S48A,72610,2018,M01,2024,M12
APUS48A72620     ,S48A,72620,2018,M01,2024,M12
APUS48A74714     ,S48A,74714,2018,M01,2025,M02
APUS48A74715     ,S48A,74715,2018,M01,2025,M02
APUS48A74716     ,S48A,74716,2018,M01,2025,M02
APUS48A7471A     ,S48A,7471A,2018,M01,2025,M02
APUS48B72601     ,S48B,72601,1978,M11,1986,M12
APUS48B72610     ,S48B,72610,1978,M11,2024,M05
APUS48B72611     ,S48B,72611,1978,M11,1986,M12
APUS48B72620     ,S48B,72620,1978,M11,2019,M12
APUS48B72621     ,S48B,72621,1978,M11,1986,M12
APUS48B74712     ,S48B,74712,1978,M01,1986,M12
APUS48B74713     ,S48B,74713,1978,M01,1980,M09
APUS48B74714     ,S48B,74714,1978,M01,2025,M02
APUS48B74715     ,S48B,74715,2018,M01,2025,M02
APUS48B74716     ,S48B,74716,1985,M01,2025,M02
APUS48B7471A     ,S48B,7471A,1978,M01,2025,M02
APUS49A72601     ,S49A,72601,1978,M11,2013,M06
APUS49A72610     ,S49A,72610,1978,M11,2024,M12
APUS49A72611     ,S49A,72611,1978,M11,2013,M06
APUS49A72620     ,S49A,72620,1978,M11,2024,M12
APUS49A72621     ,S49A,72621,1978,M11,2013,M06
APUS49A74712     ,S49A,74712,1978,M01,1991,M04
APUS49A74713     ,S49A,74713,1978,M01,1982,M09
APUS49A74714     ,S49A,74714,1978,M01,2025,M02
APUS49A74715     ,S49A,74715,1993,M12,2025,M02
APUS49A74716     ,S49A,74716,1981,M09,2025,M02
APUS49A7471A     ,S49A,7471A,1978,M01,2025,M02
APUS49B72601     ,S49B,72601,1978,M11,2013,M06
APUS49B72610     ,S49B,72610,1978,M11,2024,M12
APUS49B72611     ,S49B,72611,1978,M11,2013,M06
APUS49B72620     ,S49B,72620,1978,M11,2024,M12
APUS49B72621     ,S49B,72621,1978,M11,2013,M06
APUS49B74712     ,S49B,74712,1978,M01,1991,M04
APUS49B74713     ,S49B,74713,1978,M01,1981,M02
APUS49B74714     ,S49B,74714,1978,M01,2025,M02
APUS49B74715     ,S49B,74715,1993,M12,2025,M02
APUS49B74716     ,S49B,74716,1981,M09,2025,M02
APUS49B7471A     ,S49B,7471A,1978,M01,2025,M02
APUS49C72610     ,S49C,72610,2018,M01,2024,M12
APUS49C72620     ,S49C,72620,2018,M01,2024,M12
APUS49C74714     ,S49C,74714,2018,M01,2025,M02
APUS49C74715     ,S49C,74715,2018,M01,2025,M02
APUS49C74716     ,S49C,74716,2018,M01,2025,M02
APUS49C7471A     ,S49C,7471A,2018,M01,2025,M02
APUS49D72511     ,S49D,72511,1978,M11,1986,M12
APUS49D72601     ,S49D,72601,1978,M11,2013,M06
APUS49D72610     ,S49D,72610,1978,M11,2024,M12
APUS49D72611     ,S49D,72611,1978,M11,2013,M06
APUS49D72620     ,S49D,72620,1978,M11,2024,M12
APUS49D72621     ,S49D,72621,1978,M11,2013,M06
APUS49D74712     ,S49D,74712,1978,M01,1986,M12
APUS49D74713     ,S49D,74713,1978,M01,1981,M03
APUS49D74714     ,S49D,74714,1978,M01,2025,M02
APUS49D74715     ,S49D,74715,1998,M01,2025,M02
APUS49D74716     ,S49D,74716,1981,M09,2025,M02
APUS49D7471A     ,S49D,7471A,1978,M01,2025,M02
APUS49E72601     ,S49E,72601,1978,M11,1986,M12
APUS49E72610     ,S49E,72610,1978,M11,2024,M12
APUS49E72611     ,S49E,72611,1978,M11,1986,M12
APUS49E72620     ,S49E,72620,1978,M11,2024,M12
APUS49E72621     ,S49E,72621,1978,M11,1986,M12
APUS49E74712     ,S49E,74712,1978,M01,1986,M12
APUS49E74713     ,S49E,74713,1978,M01,1983,M12
APUS49E74714     ,S49E,74714,1978,M01,2025,M02
APUS49E74715     ,S49E,74715,2018,M01,2025,M02
APUS49E74716     ,S49E,74716,1981,M09,2025,M02
APUS49E7471A     ,S49E,7471A,1978,M01,2025,M02
APUS49F72601     ,S49F,72601,1978,M11,1986,M12
APUS49F72610     ,S49F,72610,1978,M11,2024,M12
APUS49F72611     ,S49F,72611,1978,M11,1986,M12
APUS49F72620     ,S49F,72620,1978,M11,2024,M12
APUS49F72621     ,S49F,72621,1978,M11,1986,M12
APUS49F74712     ,S49F,74712,1978,M01,1986,M12
APUS49F74713     ,S49F,74713,1978,M01,1983,M12
APUS49F74714     ,S49F,74714,1978,M01,2025,M02
APUS49F74715     ,S49F,74715,2021,M06,2025,M02
APUS49F74716     ,S49F,74716,1986,M02,2025,M02
APUS49F7471A     ,S49F,7471A,1978,M01,2025,M02
APUS49G72511     ,S49G,72511,1978,M11,1986,M12
APUS49G72601     ,S49G,72601,1978,M11,1986,M12
APUS49G72610     ,S49G,72610,1978,M11,2024,M12
APUS49G72611     ,S49G,72611,1978,M11,1986,M12
APUS49G72620     ,S49G,72620,1978,M11,2024,M12
APUS49G72621     ,S49G,72621,1978,M11,1986,M12
APUS49G74712     ,S49G,74712,1978,M01,1986,M12
APUS49G74713     ,S49G,74713,1978,M01,1981,M04
APUS49G74714     ,S49G,74714,1978,M01,2025,M02
APUS49G74715     ,S49G,74715,2021,M06,2025,M02
APUS49G74716     ,S49G,74716,1981,M09,2025,M02
APUS49G7471A     ,S49G,7471A,1978,M01,2025,M02
